<window>
	<minimap>
		<level_frame x="-250" y="-250" width="0" height="0" stretch="1" alignment="c"/>

		<background width="0" height="0" stretch="1" alignment="c">
			<!--<texture>ui_inGame2_Radar_main_window</texture>-->
		</background>

	    <clock_wnd x="-250" y="-250" width="0" height="0" alignment="c">
	        <text x="0" y="0" font="letterica16" color="ui_7" align="c" vert_align="c"/>
	    </clock_wnd>

		<compass x="-250" y="-250" width="0" height="0" heading="1" alignment="c">
			<!--<texture>ui_inGame2_Radar_compass</texture>-->
		</compass>

		<center width="0" height="0" alignment="c" stretch="1">
			<!--<texture >ui_minimap_point</texture>-->
		</center>

		<static_counter x="-250" y="-250" width="0" height="0" alignment="c">
			<text_static width="0" height="0">
				<text  align="c" font="graffiti19" color="ui_7"/>
			</text_static>
		</static_counter>

	</minimap>
</window>